Time Stamp,ID,Extended,Dir,Bus,LEN,D1,D2,D3,D4,D5,D6,D7,D8
481335958,00000105,false,Rx,0,8,B2,82,00,64,00,61,4C,00,
481355872,00000105,false,Rx,0,8,0B,92,00,64,00,61,4C,00,
481376157,00000105,false,Rx,0,8,DD,A2,00,64,00,61,4C,00,
481396111,00000105,false,Rx,0,8,64,B2,00,64,00,61,4C,00,
481416124,00000105,false,Rx,0,8,6C,C2,00,64,00,61,4C,00,
481436253,00000105,false,Rx,0,8,D5,D2,00,64,00,61,4C,00,
481456321,00000105,false,Rx,0,8,03,E2,00,64,00,61,4C,00,
481476392,00000105,false,Rx,0,8,13,02,00,64,00,61,4C,00,
481496350,00000105,false,Rx,0,8,AA,12,00,64,00,61,4C,00,
481516545,00000105,false,Rx,0,8,7C,22,00,64,00,61,4C,00,
481536469,00000105,false,Rx,0,8,C5,32,00,64,00,61,4C,00,
481556611,00000105,false,Rx,0,8,CD,42,00,64,00,61,4C,00,
481576656,00000105,false,Rx,0,8,74,52,00,64,00,61,4C,00,
481596726,00000105,false,Rx,0,8,A2,62,00,64,00,61,4C,00,
481616806,00000105,false,Rx,0,8,1B,72,00,64,00,61,4C,00,
481636754,00000105,false,Rx,0,8,B2,82,00,64,00,61,4C,00,
481656989,00000105,false,Rx,0,8,0B,92,00,64,00,61,4C,00,
481676991,00000105,false,Rx,0,8,DD,A2,00,64,00,61,4C,00,
481697077,00000105,false,Rx,0,8,64,B2,00,64,00,61,4C,00,
481716962,00000105,false,Rx,0,8,6C,C2,00,64,00,61,4C,00,
481737133,00000105,false,Rx,0,8,D5,D2,00,64,00,61,4C,00,
481757099,00000105,false,Rx,0,8,03,E2,00,64,00,61,4C,00,
481777453,00000105,false,Rx,0,8,13,02,00,64,00,61,4C,00,
481797298,00000105,false,Rx,0,8,AA,12,00,64,00,61,4C,00,
481817344,00000105,false,Rx,0,8,7C,22,00,64,00,61,4C,00,
481837407,00000105,false,Rx,0,8,C5,32,00,64,00,61,4C,00,
481857430,00000105,false,Rx,0,8,CD,42,00,64,00,61,4C,00,
481877503,00000105,false,Rx,0,8,74,52,00,64,00,61,4C,00,
481897614,00000105,false,Rx,0,8,A2,62,00,64,00,61,4C,00,
481917662,00000105,false,Rx,0,8,1B,72,00,64,00,61,4C,00,
481937923,00000105,false,Rx,0,8,B2,82,00,64,00,61,4C,00,
481957748,00000105,false,Rx,0,8,0B,92,00,64,00,61,4C,00,
481977834,00000105,false,Rx,0,8,DD,A2,00,64,00,61,4C,00,
481997830,00000105,false,Rx,0,8,64,B2,00,64,00,61,4C,00,
482017952,00000105,false,Rx,0,8,6C,C2,00,64,00,61,4C,00,
482038093,00000105,false,Rx,0,8,D5,D2,00,64,00,61,4C,00,
482058070,00000105,false,Rx,0,8,03,E2,00,64,00,61,4C,00,
482078224,00000105,false,Rx,0,8,13,02,00,64,00,61,4C,00,
482098156,00000105,false,Rx,0,8,AA,12,00,64,00,61,4C,00,
482118375,00000105,false,Rx,0,8,7C,22,00,64,00,61,4C,00,
482138517,00000105,false,Rx,0,8,C5,32,00,64,00,61,4C,00,
482158664,00000105,false,Rx,0,8,CD,42,00,64,00,61,4C,00,
482178594,00000105,false,Rx,0,8,74,52,00,64,00,61,4C,00,
482198625,00000105,false,Rx,0,8,A2,62,00,64,00,61,4C,00,
482218549,00000105,false,Rx,0,8,1B,72,00,64,00,61,4C,00,
482238587,00000105,false,Rx,0,8,B2,82,00,64,00,61,4C,00,
482258580,00000105,false,Rx,0,8,0B,92,00,64,00,61,4C,00,
482278712,00000105,false,Rx,0,8,DD,A2,00,64,00,61,4C,00,
482298724,00000105,false,Rx,0,8,64,B2,00,64,00,61,4C,00,
482318729,00000105,false,Rx,0,8,6C,C2,00,64,00,61,4C,00,
482338698,00000105,false,Rx,0,8,D5,D2,00,64,00,61,4C,00,
482358690,00000105,false,Rx,0,8,03,E2,00,64,00,61,4C,00,
482378690,00000105,false,Rx,0,8,13,02,00,64,00,61,4C,00,
482398847,00000105,false,Rx,0,8,AA,12,00,64,00,61,4C,00,
482418710,00000105,false,Rx,0,8,7C,22,00,64,00,61,4C,00,
482438732,00000105,false,Rx,0,8,C5,32,00,64,00,61,4C,00,
482458724,00000105,false,Rx,0,8,CD,42,00,64,00,61,4C,00,
482478843,00000105,false,Rx,0,8,74,52,00,64,00,61,4C,00,
482498706,00000105,false,Rx,0,8,A2,62,00,64,00,61,4C,00,
482518727,00000105,false,Rx,0,8,1B,72,00,64,00,61,4C,00,
482538655,00000105,false,Rx,0,8,B2,82,00,64,00,61,4C,00,
482558827,00000105,false,Rx,0,8,0B,92,00,64,00,61,4C,00,
482579708,00000105,false,Rx,0,8,DD,A2,00,64,00,61,4C,00,
482599724,00000105,false,Rx,0,8,64,B2,00,64,00,61,4C,00,
482619773,00000105,false,Rx,0,8,6C,C2,00,64,00,61,4C,00,
482639854,00000105,false,Rx,0,8,D5,D2,00,64,00,61,4C,00,
482660074,00000105,false,Rx,0,8,03,E2,00,64,00,61,4C,00,
482680144,00000105,false,Rx,0,8,13,02,00,64,00,61,4C,00,
482700106,00000105,false,Rx,0,8,AA,12,00,64,00,61,4C,00,
482720107,00000105,false,Rx,0,8,7C,22,00,64,00,61,4C,00,
482740118,00000105,false,Rx,0,8,C5,32,00,64,00,61,4C,00,
482760134,00000105,false,Rx,0,8,CD,42,00,64,00,61,4C,00,
482780326,00000105,false,Rx,0,8,74,52,00,64,00,61,4C,00,
482800210,00000105,false,Rx,0,8,A2,62,00,64,00,61,4C,00,
482820329,00000105,false,Rx,0,8,1B,72,00,64,00,61,4C,00,
482840418,00000105,false,Rx,0,8,B2,82,00,64,00,61,4C,00,
482860493,00000105,false,Rx,0,8,0B,92,00,64,00,61,4C,00,
482880658,00000105,false,Rx,0,8,DD,A2,00,64,00,61,4C,00,
482900592,00000105,false,Rx,0,8,64,B2,00,64,00,61,4C,00,
482920591,00000105,false,Rx,0,8,6C,C2,00,64,00,61,4C,00,
482940666,00000105,false,Rx,0,8,D5,D2,00,64,00,61,4C,00,
482960763,00000105,false,Rx,0,8,03,E2,00,64,00,61,4C,00,
482980871,00000105,false,Rx,0,8,13,02,00,64,00,61,4C,00,
483000975,00000105,false,Rx,0,8,AA,12,00,64,00,61,4C,00,
483020935,00000105,false,Rx,0,8,7C,22,00,64,00,61,4C,00,
483041105,00000105,false,Rx,0,8,C5,32,00,64,00,61,4C,00,
483061008,00000105,false,Rx,0,8,CD,42,00,64,00,61,4C,00,
483081170,00000105,false,Rx,0,8,74,52,00,64,00,61,4C,00,
483101110,00000105,false,Rx,0,8,A2,62,00,64,00,61,4C,00,
483121289,00000105,false,Rx,0,8,1B,72,00,64,00,61,4C,00,
483141365,00000105,false,Rx,0,8,B2,82,00,64,00,61,4C,00,
483161396,00000105,false,Rx,0,8,0B,92,00,64,00,61,4C,00,
483181540,00000105,false,Rx,0,8,DD,A2,00,64,00,61,4C,00,
483201552,00000105,false,Rx,0,8,64,B2,00,64,00,61,4C,00,
483221682,00000105,false,Rx,0,8,6C,C2,00,64,00,61,4C,00,
483241571,00000105,false,Rx,0,8,D5,D2,00,64,00,61,4C,00,
483261685,00000105,false,Rx,0,8,03,E2,00,64,00,61,4C,00,
483281854,00000105,false,Rx,0,8,13,02,00,64,00,61,4C,00,
483301788,00000105,false,Rx,0,8,AA,12,00,64,00,61,4C,00,
483321783,00000105,false,Rx,0,8,7C,22,00,64,00,61,4C,00,
483341914,00000105,false,Rx,0,8,C5,32,00,64,00,61,4C,00,
483361992,00000105,false,Rx,0,8,CD,42,00,64,00,61,4C,00,
483382133,00000105,false,Rx,0,8,74,52,00,64,00,61,4C,00,
483402260,00000105,false,Rx,0,8,A2,62,00,64,00,61,4C,00,
483422245,00000105,false,Rx,0,8,1B,72,00,64,00,61,4C,00,
483442257,00000105,false,Rx,0,8,B2,82,00,64,00,61,4C,00,
483462273,00000105,false,Rx,0,8,0B,92,00,64,00,61,4C,00,
483482506,00000105,false,Rx,0,8,DD,A2,00,64,00,61,4C,00,
483502414,00000105,false,Rx,0,8,64,B2,00,64,00,61,4C,00,
483522570,00000105,false,Rx,0,8,6C,C2,00,64,00,61,4C,00,
483542458,00000105,false,Rx,0,8,D5,D2,00,64,00,61,4C,00,
483562484,00000105,false,Rx,0,8,03,E2,00,64,00,61,4C,00,
483582753,00000105,false,Rx,0,8,13,02,00,64,00,61,4C,00,
483602664,00000105,false,Rx,0,8,AA,12,00,64,00,61,4C,00,
483622728,00000105,false,Rx,0,8,7C,22,00,64,00,61,4C,00,
483642830,00000105,false,Rx,0,8,C5,32,00,64,00,61,4C,00,
483662752,00000105,false,Rx,0,8,CD,42,00,64,00,61,4C,00,
483683187,00000105,false,Rx,0,8,74,52,00,64,00,61,4C,00,
483702966,00000105,false,Rx,0,8,A2,62,00,64,00,61,4C,00,
483723170,00000105,false,Rx,0,8,1B,72,00,64,00,61,4C,00,
483743204,00000105,false,Rx,0,8,B2,82,00,64,00,61,4C,00,
483763283,00000105,false,Rx,0,8,0B,92,00,64,00,61,4C,00,
483783304,00000105,false,Rx,0,8,DD,A2,00,64,00,61,4C,00,
483803198,00000105,false,Rx,0,8,64,B2,00,64,00,61,4C,00,
483823264,00000105,false,Rx,0,8,6C,C2,00,64,00,61,4C,00,
483843380,00000105,false,Rx,0,8,D5,D2,00,64,00,61,4C,00,
483863417,00000105,false,Rx,0,8,03,E2,00,64,00,61,4C,00,
483883529,00000105,false,Rx,0,8,13,02,00,64,00,61,4C,00,
483903386,00000105,false,Rx,0,8,AA,12,00,64,00,61,4C,00,
483923288,00000105,false,Rx,0,8,7C,22,00,64,00,61,4C,00,
483943547,00000105,false,Rx,0,8,C5,32,00,64,00,61,4C,00,
483963679,00000105,false,Rx,0,8,CD,42,00,64,00,61,4C,00,
483983554,00000105,false,Rx,0,8,74,52,00,64,00,61,4C,00,
484003232,00000105,false,Rx,0,8,A2,62,00,64,00,61,4C,00,
484023952,00000105,false,Rx,0,8,1B,72,00,64,00,61,4C,00,
484043485,00000105,false,Rx,0,8,B2,82,00,64,00,61,4C,00,
484064087,00000105,false,Rx,0,8,0B,92,00,64,00,61,4C,00,
484083665,00000105,false,Rx,0,8,DD,A2,00,64,00,61,4C,00,
484104339,00000105,false,Rx,0,8,64,B2,00,64,00,61,4C,00,
484123514,00000105,false,Rx,0,8,6C,C2,00,64,00,61,4C,00,
484143519,00000105,false,Rx,0,8,D5,D2,00,64,00,61,4C,00,
484164410,00000105,false,Rx,0,8,03,E2,00,64,00,61,4C,00,
484183539,00000105,false,Rx,0,8,13,02,00,64,00,61,4C,00,
484204574,00000105,false,Rx,0,8,AA,12,00,64,00,61,4C,00,
484224584,00000105,false,Rx,0,8,7C,22,00,64,00,61,4C,00,
484244568,00000105,false,Rx,0,8,C5,32,00,64,00,61,4C,00,
484264592,00000105,false,Rx,0,8,CD,42,00,64,00,61,4C,00,
484284770,00000105,false,Rx,0,8,74,52,00,64,00,61,4C,00,
484304861,00000105,false,Rx,0,8,A2,62,00,64,00,61,4C,00,
484324896,00000105,false,Rx,0,8,1B,72,00,64,00,61,4C,00,
484344910,00000105,false,Rx,0,8,B2,82,00,64,00,61,4C,00,
484365253,00000105,false,Rx,0,8,0B,92,00,64,00,61,4C,00,
484385202,00000105,false,Rx,0,8,DD,A2,00,64,00,61,4C,00,
484405155,00000105,false,Rx,0,8,64,B2,00,64,00,61,4C,00,
484425075,00000105,false,Rx,0,8,6C,C2,00,64,00,61,4C,00,
484445244,00000105,false,Rx,0,8,D5,D2,00,64,00,61,4C,00,
484465385,00000105,false,Rx,0,8,03,E2,00,64,00,61,4C,00,
484485350,00000105,false,Rx,0,8,13,02,00,64,00,61,4C,00,
484505390,00000105,false,Rx,0,8,AA,12,00,64,00,61,4C,00,
484525455,00000105,false,Rx,0,8,7C,22,00,64,00,61,4C,00,
484545556,00000105,false,Rx,0,8,C5,32,00,64,00,61,4C,00,
484565570,00000105,false,Rx,0,8,CD,42,00,64,00,61,4C,00,
484585760,00000105,false,Rx,0,8,74,52,00,64,00,61,4C,00,
484605742,00000105,false,Rx,0,8,A2,62,00,64,00,61,4C,00,
484625896,00000105,false,Rx,0,8,1B,72,00,64,00,61,4C,00,
484645815,00000105,false,Rx,0,8,B2,82,00,64,00,61,4C,00,
484665946,00000105,false,Rx,0,8,0B,92,00,64,00,61,4C,00,
484685965,00000105,false,Rx,0,8,DD,A2,00,64,00,61,4C,00,
484705975,00000105,false,Rx,0,8,64,B2,00,64,00,61,4C,00,
484726125,00000105,false,Rx,0,8,6C,C2,00,64,00,61,4C,00,
484746189,00000105,false,Rx,0,8,D5,D2,00,64,00,61,4C,00,
484766271,00000105,false,Rx,0,8,03,E2,00,64,00,61,4C,00,
484786210,00000105,false,Rx,0,8,13,02,00,64,00,61,4C,00,
484806357,00000105,false,Rx,0,8,AA,12,00,64,00,61,4C,00,
484826286,00000105,false,Rx,0,8,7C,22,00,64,00,61,4C,00,
484846414,00000105,false,Rx,0,8,C5,32,00,64,00,61,4C,00,
484866584,00000105,false,Rx,0,8,CD,42,00,64,00,61,4C,00,
484886671,00000105,false,Rx,0,8,69,52,00,64,00,61,4C,01,
484906685,00000105,false,Rx,0,8,BF,62,00,64,00,61,4C,01,
484926728,00000105,false,Rx,0,8,1B,72,00,64,00,61,4C,00,
484946712,00000105,false,Rx,0,8,B2,82,00,64,00,61,4C,00,
484966880,00000105,false,Rx,0,8,0B,92,00,64,00,61,4C,00,
484986923,00000105,false,Rx,0,8,DD,A2,00,64,00,61,4C,00,
485006937,00000105,false,Rx,0,8,64,B2,00,64,00,61,4C,00,
485027056,00000105,false,Rx,0,8,6C,C2,00,64,00,61,4C,00,
485047032,00000105,false,Rx,0,8,D5,D2,00,64,00,61,4C,00,
485067032,00000105,false,Rx,0,8,03,E2,00,64,00,61,4C,00,
485087145,00000105,false,Rx,0,8,13,02,00,64,00,61,4C,00,
485107141,00000105,false,Rx,0,8,AA,12,00,64,00,61,4C,00,
485127291,00000105,false,Rx,0,8,7C,22,00,64,00,61,4C,00,
485147445,00000105,false,Rx,0,8,C5,32,00,64,00,61,4C,00,
485167351,00000105,false,Rx,0,8,CD,42,00,64,00,61,4C,00,
485187490,00000105,false,Rx,0,8,74,52,00,64,00,61,4C,00,
485207494,00000105,false,Rx,0,8,A2,62,00,64,00,61,4C,00,
485227621,00000105,false,Rx,0,8,1B,72,00,64,00,61,4C,00,
485247526,00000105,false,Rx,0,8,B2,82,00,64,00,61,4C,00,
485267764,00000105,false,Rx,0,8,0B,92,00,64,00,61,4C,00,
485287853,00000105,false,Rx,0,8,DD,A2,00,64,00,61,4C,00,
485307789,00000105,false,Rx,0,8,64,B2,00,64,00,61,4C,00,
485327766,00000105,false,Rx,0,8,6C,C2,00,64,00,61,4C,00,
485347888,00000105,false,Rx,0,8,D5,D2,00,64,00,61,4C,00,
485367957,00000105,false,Rx,0,8,03,E2,00,64,00,61,4C,00,
485388125,00000105,false,Rx,0,8,13,02,00,64,00,61,4C,00,
485408140,00000105,false,Rx,0,8,AA,12,00,64,00,61,4C,00,
485428135,00000105,false,Rx,0,8,7C,22,00,64,00,61,4C,00,
485448223,00000105,false,Rx,0,8,C5,32,00,64,00,61,4C,00,
485468250,00000105,false,Rx,0,8,CD,42,00,64,00,61,4C,00,
485488425,00000105,false,Rx,0,8,74,52,00,64,00,61,4C,00,
485508443,00000105,false,Rx,0,8,A2,62,00,64,00,61,4C,00,
485528502,00000105,false,Rx,0,8,1B,72,00,64,00,61,4C,00,
485548460,00000105,false,Rx,0,8,B2,82,00,64,00,61,4C,00,
485568545,00000105,false,Rx,0,8,0B,92,00,64,00,61,4C,00,
485588671,00000105,false,Rx,0,8,DD,A2,00,64,00,61,4C,00,
485608660,00000105,false,Rx,0,8,64,B2,00,64,00,61,4C,00,
485628724,00000105,false,Rx,0,8,6C,C2,00,64,00,61,4C,00,
485649045,00000105,false,Rx,0,8,D5,D2,00,64,00,61,4C,00,
485668959,00000105,false,Rx,0,8,03,E2,00,64,00,61,4C,00,
485688890,00000105,false,Rx,0,8,13,02,00,64,00,61,4C,00,
485708924,00000105,false,Rx,0,8,AA,12,00,64,00,61,4C,00,
485729027,00000105,false,Rx,0,8,7C,22,00,64,00,61,4C,00,
485749067,00000105,false,Rx,0,8,C5,32,00,64,00,61,4C,00,
485769273,00000105,false,Rx,0,8,CD,42,00,64,00,61,4C,00,
485789294,00000105,false,Rx,0,8,74,52,00,64,00,61,4C,00,
485809357,00000105,false,Rx,0,8,A2,62,00,64,00,61,4C,00,
485829370,00000105,false,Rx,0,8,1B,72,00,64,00,61,4C,00,
485849541,00000105,false,Rx,0,8,B2,82,00,64,00,61,4C,00,
485869619,00000105,false,Rx,0,8,0B,92,00,64,00,61,4C,00,
485889677,00000105,false,Rx,0,8,DD,A2,00,64,00,61,4C,00,
485909614,00000105,false,Rx,0,8,64,B2,00,64,00,61,4C,00,
485929579,00000105,false,Rx,0,8,6C,C2,00,64,00,61,4C,00,
485949718,00000105,false,Rx,0,8,D5,D2,00,64,00,61,4C,00,
485969899,00000105,false,Rx,0,8,03,E2,00,64,00,61,4C,00,
485989982,00000105,false,Rx,0,8,13,02,00,64,00,61,4C,00,
486009978,00000105,false,Rx,0,8,AA,12,00,64,00,61,4C,00,
486030042,00000105,false,Rx,0,8,7C,22,00,64,00,61,4C,00,
486049972,00000105,false,Rx,0,8,C5,32,00,64,00,61,4C,00,
486070143,00000105,false,Rx,0,8,CD,42,00,64,00,61,4C,00,
486090178,00000105,false,Rx,0,8,74,52,00,64,00,61,4C,00,
486110250,00000105,false,Rx,0,8,A2,62,00,64,00,61,4C,00,
486130282,00000105,false,Rx,0,8,1B,72,00,64,00,61,4C,00,
486150342,00000105,false,Rx,0,8,B2,82,00,64,00,61,4C,00,
486170330,00000105,false,Rx,0,8,0B,92,00,64,00,61,4C,00,
486190552,00000105,false,Rx,0,8,DD,A2,00,64,00,61,4C,00,
486210559,00000105,false,Rx,0,8,64,B2,00,64,00,61,4C,00,
486230570,00000105,false,Rx,0,8,6C,C2,00,64,00,61,4C,00,
486250511,00000105,false,Rx,0,8,D5,D2,00,64,00,61,4C,00,
486270621,00000105,false,Rx,0,8,03,E2,00,64,00,61,4C,00,
486290829,00000105,false,Rx,0,8,13,02,00,64,00,61,4C,00,
486310872,00000105,false,Rx,0,8,AA,12,00,64,00,61,4C,00,
486330779,00000105,false,Rx,0,8,7C,22,00,64,00,61,4C,00,
486350913,00000105,false,Rx,0,8,C5,32,00,64,00,61,4C,00,
486371046,00000105,false,Rx,0,8,CD,42,00,64,00,61,4C,00,
486391210,00000105,false,Rx,0,8,74,52,00,64,00,61,4C,00,
486411160,00000105,false,Rx,0,8,A2,62,00,64,00,61,4C,00,
486431144,00000105,false,Rx,0,8,1B,72,00,64,00,61,4C,00,
486450571,00000105,false,Rx,0,8,B2,82,00,64,00,61,4C,00,
486471302,00000105,false,Rx,0,8,0B,92,00,64,00,61,4C,00,
486491450,00000105,false,Rx,0,8,DD,A2,00,64,00,61,4C,00,
486511367,00000105,false,Rx,0,8,64,B2,00,64,00,61,4C,00,
486531519,00000105,false,Rx,0,8,6C,C2,00,64,00,61,4C,00,
486551569,00000105,false,Rx,0,8,D5,D2,00,64,00,61,4C,00,
486571504,00000105,false,Rx,0,8,03,E2,00,64,00,61,4C,00,
486591689,00000105,false,Rx,0,8,13,02,00,64,00,61,4C,00,
486611653,00000105,false,Rx,0,8,AA,12,00,64,00,61,4C,00,
486631928,00000105,false,Rx,0,8,7C,22,00,64,00,61,4C,00,
486651974,00000105,false,Rx,0,8,C5,32,00,64,00,61,4C,00,
486671857,00000105,false,Rx,0,8,CD,42,00,64,00,61,4C,00,
486692075,00000105,false,Rx,0,8,74,52,00,64,00,61,4C,00,
486711496,00000105,false,Rx,0,8,A2,62,00,64,00,61,4C,00,
486732140,00000105,false,Rx,0,8,1B,72,00,64,00,61,4C,00,
486752142,00000105,false,Rx,0,8,B2,82,00,64,00,61,4C,00,
486772204,00000105,false,Rx,0,8,0B,92,00,64,00,61,4C,00,
486792281,00000105,false,Rx,0,8,DD,A2,00,64,00,61,4C,00,
486812332,00000105,false,Rx,0,8,64,B2,00,64,00,61,4C,00,
486832409,00000105,false,Rx,0,8,6C,C2,00,64,00,61,4C,00,
486852516,00000105,false,Rx,0,8,D5,D2,00,64,00,61,4C,00,
486872562,00000105,false,Rx,0,8,03,E2,00,64,00,61,4C,00,
486892655,00000105,false,Rx,0,8,13,02,00,64,00,61,4C,00,
486912518,00000105,false,Rx,0,8,AA,12,00,64,00,61,4C,00,
486932690,00000105,false,Rx,0,8,7C,22,00,64,00,61,4C,00,
486952779,00000105,false,Rx,0,8,C5,32,00,64,00,61,4C,00,
486972798,00000105,false,Rx,0,8,CD,42,00,64,00,61,4C,00,
486992905,00000105,false,Rx,0,8,74,52,00,64,00,61,4C,00,
487012952,00000105,false,Rx,0,8,A2,62,00,64,00,61,4C,00,
487032970,00000105,false,Rx,0,8,1B,72,00,64,00,61,4C,00,
487052982,00000105,false,Rx,0,8,B2,82,00,64,00,61,4C,00,
487073143,00000105,false,Rx,0,8,0B,92,00,64,00,61,4C,00,
487093292,00000105,false,Rx,0,8,DD,A2,00,64,00,61,4C,00,
487113279,00000105,false,Rx,0,8,64,B2,00,64,00,61,4C,00,
487133298,00000105,false,Rx,0,8,6C,C2,00,64,00,61,4C,00,
487153417,00000105,false,Rx,0,8,D5,D2,00,64,00,61,4C,00,
487173470,00000105,false,Rx,0,8,03,E2,00,64,00,61,4C,00,
487193461,00000105,false,Rx,0,8,13,02,00,64,00,61,4C,00,
487213481,00000105,false,Rx,0,8,AA,12,00,64,00,61,4C,00,
487233625,00000105,false,Rx,0,8,7C,22,00,64,00,61,4C,00,
487253589,00000105,false,Rx,0,8,C5,32,00,64,00,61,4C,00,
487273586,00000105,false,Rx,0,8,CD,42,00,64,00,61,4C,00,
487293592,00000105,false,Rx,0,8,74,52,00,64,00,61,4C,00,
487313560,00000105,false,Rx,0,8,A2,62,00,64,00,61,4C,00,
487333622,00000105,false,Rx,0,8,1B,72,00,64,00,61,4C,00,
487353563,00000105,false,Rx,0,8,B2,82,00,64,00,61,4C,00,
487373617,00000105,false,Rx,0,8,0B,92,00,64,00,61,4C,00,
487393605,00000105,false,Rx,0,8,DD,A2,00,64,00,61,4C,00,
487413594,00000105,false,Rx,0,8,64,B2,00,64,00,61,4C,00,
487433636,00000105,false,Rx,0,8,6C,C2,00,64,00,61,4C,00,
487453617,00000105,false,Rx,0,8,D5,D2,00,64,00,61,4C,00,
487473593,00000105,false,Rx,0,8,03,E2,00,64,00,61,4C,00,
487493681,00000105,false,Rx,0,8,13,02,00,64,00,61,4C,00,
487513568,00000105,false,Rx,0,8,AA,12,00,64,00,61,4C,00,
487533613,00000105,false,Rx,0,8,7C,22,00,64,00,61,4C,00,
487553582,00000105,false,Rx,0,8,C5,32,00,64,00,61,4C,00,
487574562,00000105,false,Rx,0,8,CD,42,00,64,00,61,4C,00,
487594756,00000105,false,Rx,0,8,74,52,00,64,00,61,4C,00,
487614693,00000105,false,Rx,0,8,A2,62,00,64,00,61,4C,00,
487634655,00000105,false,Rx,0,8,1B,72,00,64,00,61,4C,00,
487654965,00000105,false,Rx,0,8,B2,82,00,64,00,61,4C,00,
487674897,00000105,false,Rx,0,8,0B,92,00,64,00,61,4C,00,
487695042,00000105,false,Rx,0,8,DD,A2,00,64,00,61,4C,00,
487714939,00000105,false,Rx,0,8,64,B2,00,64,00,61,4C,00,
487735091,00000105,false,Rx,0,8,6C,C2,00,64,00,61,4C,00,
487755052,00000105,false,Rx,0,8,D5,D2,00,64,00,61,4C,00,
487775301,00000105,false,Rx,0,8,03,E2,00,64,00,61,4C,00,
487795392,00000105,false,Rx,0,8,13,02,00,64,00,61,4C,00,
487815394,00000105,false,Rx,0,8,AA,12,00,64,00,61,4C,00,
487835280,00000105,false,Rx,0,8,7C,22,00,64,00,61,4C,00,
487855393,00000105,false,Rx,0,8,C5,32,00,64,00,61,4C,00,
487875654,00000105,false,Rx,0,8,CD,42,00,64,00,61,4C,00,
487895555,00000105,false,Rx,0,8,74,52,00,64,00,61,4C,00,
487915593,00000105,false,Rx,0,8,A2,62,00,64,00,61,4C,00,
487935613,00000105,false,Rx,0,8,1B,72,00,64,00,61,4C,00,
487955685,00000105,false,Rx,0,8,B2,82,00,64,00,61,4C,00,
487975770,00000105,false,Rx,0,8,0B,92,00,64,00,61,4C,00,
487995998,00000105,false,Rx,0,8,DD,A2,00,64,00,61,4C,00,
488015831,00000105,false,Rx,0,8,64,B2,00,64,00,61,4C,00,
488035904,00000105,false,Rx,0,8,6C,C2,00,64,00,61,4C,00,
488055972,00000105,false,Rx,0,8,D5,D2,00,64,00,61,4C,00,
488076139,00000105,false,Rx,0,8,03,E2,00,64,00,61,4C,00,
488096343,00000105,false,Rx,0,8,13,02,00,64,00,61,4C,00,
488116327,00000105,false,Rx,0,8,AA,12,00,64,00,61,4C,00,
488136354,00000105,false,Rx,0,8,7C,22,00,64,00,61,4C,00,
488156386,00000105,false,Rx,0,8,C5,32,00,64,00,61,4C,00,
488176462,00000105,false,Rx,0,8,CD,42,00,64,00,61,4C,00,
488196538,00000105,false,Rx,0,8,74,52,00,64,00,61,4C,00,
488216499,00000105,false,Rx,0,8,A2,62,00,64,00,61,4C,00,
488236573,00000105,false,Rx,0,8,1B,72,00,64,00,61,4C,00,
488256610,00000105,false,Rx,0,8,B2,82,00,64,00,61,4C,00,
488276637,00000105,false,Rx,0,8,0B,92,00,64,00,61,4C,00,
488296812,00000105,false,Rx,0,8,DD,A2,00,64,00,61,4C,00,
488316731,00000105,false,Rx,0,8,64,B2,00,64,00,61,4C,00,
488336855,00000105,false,Rx,0,8,6C,C2,00,64,00,61,4C,00,
488356988,00000105,false,Rx,0,8,D5,D2,00,64,00,61,4C,00,
488377060,00000105,false,Rx,0,8,03,E2,00,64,00,61,4C,00,
488397084,00000105,false,Rx,0,8,13,02,00,64,00,61,4C,00,
488417023,00000105,false,Rx,0,8,AA,12,00,64,00,61,4C,00,
488437190,00000105,false,Rx,0,8,7C,22,00,64,00,61,4C,00,
488457312,00000105,false,Rx,0,8,C5,32,00,64,00,61,4C,00,
488477255,00000105,false,Rx,0,8,CD,42,00,64,00,61,4C,00,
488497399,00000105,false,Rx,0,8,74,52,00,64,00,61,4C,00,
488517427,00000105,false,Rx,0,8,A2,62,00,64,00,61,4C,00,
488537557,00000105,false,Rx,0,8,1B,72,00,64,00,61,4C,00,
488557454,00000105,false,Rx,0,8,B2,82,00,64,00,61,4C,00,
488577588,00000105,false,Rx,0,8,0B,92,00,64,00,61,4C,00,
488597687,00000105,false,Rx,0,8,DD,A2,00,64,00,61,4C,00,
488617806,00000105,false,Rx,0,8,64,B2,00,64,00,61,4C,00,
488637652,00000105,false,Rx,0,8,6C,C2,00,64,00,61,4C,00,
488657922,00000105,false,Rx,0,8,D5,D2,00,64,00,61,4C,00,
488677913,00000105,false,Rx,0,8,03,E2,00,64,00,61,4C,00,
488698109,00000105,false,Rx,0,8,13,02,00,64,00,61,4C,00,
488717949,00000105,false,Rx,0,8,AA,12,00,64,00,61,4C,00,
488738187,00000105,false,Rx,0,8,7C,22,00,64,00,61,4C,00,
488758208,00000105,false,Rx,0,8,C5,32,00,64,00,61,4C,00,
488778174,00000105,false,Rx,0,8,CD,42,00,64,00,61,4C,00,
488798321,00000105,false,Rx,0,8,74,52,00,64,00,61,4C,00,
488818356,00000105,false,Rx,0,8,A2,62,00,64,00,61,4C,00,
488838336,00000105,false,Rx,0,8,1B,72,00,64,00,61,4C,00,
488858508,00000105,false,Rx,0,8,B2,82,00,64,00,61,4C,00,
488878652,00000105,false,Rx,0,8,0B,92,00,64,00,61,4C,00,
488898614,00000105,false,Rx,0,8,DD,A2,00,64,00,61,4C,00,
488918606,00000105,false,Rx,0,8,64,B2,00,64,00,61,4C,00,
488938586,00000105,false,Rx,0,8,6C,C2,00,64,00,61,4C,00,
488958631,00000105,false,Rx,0,8,D5,D2,00,64,00,61,4C,00,
488978574,00000105,false,Rx,0,8,03,E2,00,64,00,61,4C,00,
488998569,00000105,false,Rx,0,8,13,02,00,64,00,61,4C,00,
489018540,00000105,false,Rx,0,8,AA,12,00,64,00,61,4C,00,
489038612,00000105,false,Rx,0,8,7C,22,00,64,00,61,4C,00,
489058555,00000105,false,Rx,0,8,C5,32,00,64,00,61,4C,00,
489078562,00000105,false,Rx,0,8,CD,42,00,64,00,61,4C,00,
489098736,00000105,false,Rx,0,8,74,52,00,64,00,61,4C,00,
489118589,00000105,false,Rx,0,8,A2,62,00,64,00,61,4C,00,
489138620,00000105,false,Rx,0,8,1B,72,00,64,00,61,4C,00,
489158593,00000105,false,Rx,0,8,B2,82,00,64,00,61,4C,00,
489178620,00000105,false,Rx,0,8,0B,92,00,64,00,61,4C,00,
489198582,00000105,false,Rx,0,8,DD,A2,00,64,00,61,4C,00,
489218588,00000105,false,Rx,0,8,64,B2,00,64,00,61,4C,00,
489238600,00000105,false,Rx,0,8,6C,C2,00,64,00,61,4C,00,
489259637,00000105,false,Rx,0,8,D5,D2,00,64,00,61,4C,00,
489279748,00000105,false,Rx,0,8,03,E2,00,64,00,61,4C,00,
489299822,00000105,false,Rx,0,8,13,02,00,64,00,61,4C,00,
489319830,00000105,false,Rx,0,8,AA,12,00,64,00,61,4C,00,
489339891,00000105,false,Rx,0,8,7C,22,00,64,00,61,4C,00,
489360070,00000105,false,Rx,0,8,C5,32,00,64,00,61,4C,00,
489380007,00000105,false,Rx,0,8,CD,42,00,64,00,61,4C,00,
489400074,00000105,false,Rx,0,8,74,52,00,64,00,61,4C,00,
489420191,00000105,false,Rx,0,8,A2,62,00,64,00,61,4C,00,
489440188,00000105,false,Rx,0,8,1B,72,00,64,00,61,4C,00,
489460295,00000105,false,Rx,0,8,B2,82,00,64,00,61,4C,00,
489480327,00000105,false,Rx,0,8,0B,92,00,64,00,61,4C,00,
489500475,00000105,false,Rx,0,8,DD,A2,00,64,00,61,4C,00,
489520515,00000105,false,Rx,0,8,64,B2,00,64,00,61,4C,00,
489540563,00000105,false,Rx,0,8,6C,C2,00,64,00,61,4C,00,
489560428,00000105,false,Rx,0,8,D5,D2,00,64,00,61,4C,00,
489580550,00000105,false,Rx,0,8,03,E2,00,64,00,61,4C,00,
489600715,00000105,false,Rx,0,8,13,02,00,64,00,61,4C,00,
489620783,00000105,false,Rx,0,8,AA,12,00,64,00,61,4C,00,
489640935,00000105,false,Rx,0,8,7C,22,00,64,00,61,4C,00,
489660924,00000105,false,Rx,0,8,C5,32,00,64,00,61,4C,00,
489680965,00000105,false,Rx,0,8,CD,42,00,64,00,61,4C,00,
489701075,00000105,false,Rx,0,8,74,52,00,64,00,61,4C,00,
489721000,00000105,false,Rx,0,8,A2,62,00,64,00,61,4C,00,
489741119,00000105,false,Rx,0,8,1B,72,00,64,00,61,4C,00,
489761089,00000105,false,Rx,0,8,B2,82,00,64,00,61,4C,00,
489781202,00000105,false,Rx,0,8,0B,92,00,64,00,61,4C,00,
489801334,00000105,false,Rx,0,8,DD,A2,00,64,00,61,4C,00,
489821346,00000105,false,Rx,0,8,64,B2,00,64,00,61,4C,00,
489841421,00000105,false,Rx,0,8,6C,C2,00,64,00,61,4C,00,
489861464,00000105,false,Rx,0,8,C8,D2,00,64,00,61,4C,01,
489881538,00000105,false,Rx,0,8,1E,E2,00,64,00,61,4C,01,
489901589,00000105,false,Rx,0,8,13,02,00,64,00,61,4C,00,
489921627,00000105,false,Rx,0,8,AA,12,00,64,00,61,4C,00,
489941647,00000105,false,Rx,0,8,7C,22,00,64,00,61,4C,00,
489961803,00000105,false,Rx,0,8,C5,32,00,64,00,61,4C,00,
489981670,00000105,false,Rx,0,8,CD,42,00,64,00,61,4C,00,
490001906,00000105,false,Rx,0,8,74,52,00,64,00,61,4C,00,
490022003,00000105,false,Rx,0,8,A2,62,00,64,00,61,4C,00,
490042008,00000105,false,Rx,0,8,1B,72,00,64,00,61,4C,00,
490062008,00000105,false,Rx,0,8,B2,82,00,64,00,61,4C,00,
490081965,00000105,false,Rx,0,8,0B,92,00,64,00,61,4C,00,
490102173,00000105,false,Rx,0,8,DD,A2,00,64,00,61,4C,00,
490122420,00000105,false,Rx,0,8,64,B2,00,64,00,61,4C,00,
490142303,00000105,false,Rx,0,8,6C,C2,00,64,00,61,4C,00,
